Jahleel Addae,http://www.nfl.com/player/jahleeladdae/2541958/profile
Ryan Switzer,http://www.nfl.com/player/ryanswitzer/2557960/profile
Desmond King,http://www.nfl.com/player/desmondking/2557927/profile
Mike Evans,http://www.nfl.com/player/mikeevans/2543468/profile
Jay Bromley,http://www.nfl.com/player/jaybromley/2543860/profile
Adrian Phillips,http://www.nfl.com/player/adrianphillips/2550842/profile
Blake Bortles,http://www.nfl.com/player/blakebortles/2543477/profile
Tyler Lockett,http://www.nfl.com/player/tylerlockett/2552430/profile
Frank Clark,http://www.nfl.com/player/frankclark/2552629/profile
Dexter McDonald,http://www.nfl.com/player/dextermcdonald/2553234/profile
Damien Wilson,http://www.nfl.com/player/damienwilson/2552686/profile
Tyler Kroft,http://www.nfl.com/player/tylerkroft/2552586/profile
Elijhaa Penny,http://www.nfl.com/player/elijhaapenny/2556762/profile
Amari Cooper,http://www.nfl.com/player/amaricooper/2552487/profile
Kevin White,http://www.nfl.com/player/kevinwhite/2553432/profile
Richard Sherman,http://www.nfl.com/player/richardsherman/2495507/profile
DeVante Parker,http://www.nfl.com/player/devanteparker/2552409/profile
Lee Smith,http://www.nfl.com/player/leesmith/2495347/profile
Kevin Johnson,http://www.nfl.com/player/kevinjohnson/2552261/profile
Nelson Agholor,http://www.nfl.com/player/nelsonagholor/2552600/profile
Rodney McLeod,http://www.nfl.com/player/rodneymcleod/2534832/profile
Brent Grimes,http://www.nfl.com/player/brentgrimes/2506861/profile
Mason Crosby,http://www.nfl.com/player/masoncrosby/2507232/profile
Jason Witten,http://www.nfl.com/player/jasonwitten/2505629/profile
Robert Turbin,http://www.nfl.com/player/robertturbin/2533460/profile
Nigel Bradham,http://www.nfl.com/player/nigelbradham/2532800/profile
Jalen Richard,http://www.nfl.com/player/jalenrichard/2556885/profile
Rudy Ford,http://www.nfl.com/player/rudyford/2558174/profile
Jordan Evans,http://www.nfl.com/player/jordanevans/2558801/profile
Ryan Griffin,http://www.nfl.com/player/ryangriffin/2541185/profile
C.J. Anderson,http://www.nfl.com/player/c.j.anderson/2540269/profile
Kyle Rudolph,http://www.nfl.com/player/kylerudolph/2495438/profile
Marcus Gilchrist,http://www.nfl.com/player/marcusgilchrist/2495153/profile
Ryan Smith,http://www.nfl.com/player/ryansmith/2555552/profile
Nick Kwiatkoski,http://www.nfl.com/player/nickkwiatkoski/2555288/profile
Ed Dickson,http://www.nfl.com/player/eddickson/497224/profile
Morgan Burnett,http://www.nfl.com/player/morganburnett/496727/profile
David King,http://www.nfl.com/player/davidking/2540008/profile
Nate Hairston,http://www.nfl.com/player/natehairston/2558108/profile
Chris Jones,http://www.nfl.com/player/chrisjones/2539987/profile
Dan Bailey,http://www.nfl.com/player/danbailey/2495259/profile
Alshon Jeffery,http://www.nfl.com/player/alshonjeffery/2533039/profile
Joe Haden,http://www.nfl.com/player/joehaden/496733/profile
Tyson Alualu,http://www.nfl.com/player/tysonalualu/496760/profile
Brandon Graham,http://www.nfl.com/player/brandongraham/496788/profile
Earl Thomas,http://www.nfl.com/player/earlthomas/2508080/profile
Jason Pierre-Paul,http://www.nfl.com/player/jasonpierre-paul/496843/profile
Derrick Morgan,http://www.nfl.com/player/derrickmorgan/496828/profile
Vincent Rey,http://www.nfl.com/player/vincentrey/2507843/profile
Jeremiah Ledbetter,http://www.nfl.com/player/jeremiahledbetter/2558124/profile
Vince Mayle,http://www.nfl.com/player/vincemayle/2552431/profile
David Johnson,http://www.nfl.com/player/davidjohnson/2553435/profile
Todd Davis,http://www.nfl.com/player/todddavis/2550930/profile
Allen Robinson,http://www.nfl.com/player/allenrobinson/2543509/profile
Byron Jones,http://www.nfl.com/player/byronjones/2552568/profile
Jeremy Maclin,http://www.nfl.com/player/jeremymaclin/80429/profile
Malcolm Jenkins,http://www.nfl.com/player/malcolmjenkins/79848/profile
Tyler Boyd,http://www.nfl.com/player/tylerboyd/2555466/profile
Jake Rudock,http://www.nfl.com/player/jakerudock/2556232/profile
David Morgan,http://www.nfl.com/player/davidmorgan/2555306/profile
Phil Dawson,http://www.nfl.com/player/phildawson/2500351/profile
Rob Gronkowski,http://www.nfl.com/player/robgronkowski/497240/profile
Arrelious Benn,http://www.nfl.com/player/arreliousbenn/497270/profile
T.J. Ward,http://www.nfl.com/player/t.j.ward/494323/profile
Nate Allen,http://www.nfl.com/player/nateallen/2508043/profile
Johnathan Joseph,http://www.nfl.com/player/johnathanjoseph/2495872/profile
Antonio Hamilton,http://www.nfl.com/player/antoniohamilton/2556804/profile
Theo Riddick,http://www.nfl.com/player/theoriddick/2540020/profile
Jeremy Kerley,http://www.nfl.com/player/jeremykerley/2495189/profile
Trae Waynes,http://www.nfl.com/player/traewaynes/2552448/profile
Brittan Golden,http://www.nfl.com/player/brittangolden/2535988/profile
Brian Robison,http://www.nfl.com/player/brianrobison/2495723/profile
Jermaine Kearse,http://www.nfl.com/player/jermainekearse/2532887/profile
Adrian Peterson,http://www.nfl.com/player/adrianpeterson/2505173/profile
Jamar Taylor,http://www.nfl.com/player/jamartaylor/2539932/profile
Eddie Lacy,http://www.nfl.com/player/eddielacy/2540168/profile
Duke Johnson,http://www.nfl.com/player/dukejohnson/2552461/profile
Clive Walford,http://www.nfl.com/player/clivewalford/2552397/profile
Damarious Randall,http://www.nfl.com/player/damariousrandall/2552389/profile
Kasen Williams,http://www.nfl.com/player/kasenwilliams/2554138/profile
Jameis Winston,http://www.nfl.com/player/jameiswinston/2552033/profile
Antonio Gates,http://www.nfl.com/player/antoniogates/2505299/profile
Trey Burton,http://www.nfl.com/player/treyburton/2550284/profile
Virgil Green,http://www.nfl.com/player/virgilgreen/2495288/profile
Bennie Fowler,http://www.nfl.com/player/benniefowler/2550198/profile
Dean Lowry,http://www.nfl.com/player/deanlowry/2555274/profile
Rashard Robinson,http://www.nfl.com/player/rashardrobinson/2555546/profile
Paul Perkins,http://www.nfl.com/player/paulperkins/2555460/profile
Matt Judon,http://www.nfl.com/player/mattjudon/2555505/profile
Barry Church,http://www.nfl.com/player/barrychurch/494259/profile
Jerrell Freeman,http://www.nfl.com/player/jerrellfreeman/2514414/profile
Brennan Scarlett,http://www.nfl.com/player/brennanscarlett/2556673/profile
Marquis Flowers,http://www.nfl.com/player/marquisflowers/2549896/profile
C.J. Mosley,http://www.nfl.com/player/c.j.mosley/2543464/profile
Dee Ford,http://www.nfl.com/player/deeford/2543494/profile
Jimmie Ward,http://www.nfl.com/player/jimmieward/2543741/profile
Jordan Matthews,http://www.nfl.com/player/jordanmatthews/2543500/profile
Domata Peko,http://www.nfl.com/player/domatapeko/2506925/profile
Brandon Marshall,http://www.nfl.com/player/brandonmarshall/2495893/profile
Stephen Gostkowski,http://www.nfl.com/player/stephengostkowski/2506922/profile
George Kittle,http://www.nfl.com/player/georgekittle/2558266/profile
Kendell Beckwith,http://www.nfl.com/player/kendellbeckwith/2557847/profile
Amara Darboh,http://www.nfl.com/player/amaradarboh/2557905/profile
Trey Hendrickson,http://www.nfl.com/player/treyhendrickson/2557943/profile
Marlon Humphrey,http://www.nfl.com/player/marlonhumphrey/2558067/profile
Tyus Bowser,http://www.nfl.com/player/tyusbowser/2558166/profile
Mario Addison,http://www.nfl.com/player/marioaddison/2530474/profile
Josh Bellamy,http://www.nfl.com/player/joshbellamy/2535964/profile
Alex Smith,http://www.nfl.com/player/alexsmith/2506340/profile
Brooks Reed,http://www.nfl.com/player/brooksreed/2495218/profile
Lance Kendricks,http://www.nfl.com/player/lancekendricks/2495187/profile
Michael Wilhoite,http://www.nfl.com/player/michaelwilhoite/2532331/profile
Kai Forbath,http://www.nfl.com/player/kaiforbath/2495150/profile
Cole Beasley,http://www.nfl.com/player/colebeasley/2535698/profile
Adam Butler,http://www.nfl.com/player/adambutler/2558924/profile
Isaiah Crowell,http://www.nfl.com/player/isaiahcrowell/2550189/profile
James Develin,http://www.nfl.com/player/jamesdevelin/2508101/profile
Pierre Garcon,http://www.nfl.com/player/pierregarcon/2346/profile
Andre Roberts,http://www.nfl.com/player/andreroberts/497320/profile
Eric Decker,http://www.nfl.com/player/ericdecker/497284/profile
Jimmy Graham,http://www.nfl.com/player/jimmygraham/497236/profile
Demario Davis,http://www.nfl.com/player/demariodavis/2533008/profile
Mike Tolbert,http://www.nfl.com/player/miketolbert/2507428/profile
Xavier Williams,http://www.nfl.com/player/xavierwilliams/2553764/profile
Mike Hull,http://www.nfl.com/player/mikehull/2552317/profile
Bruce Irvin,http://www.nfl.com/player/bruceirvin/2532871/profile
Aaron Rodgers,http://www.nfl.com/player/aaronrodgers/2506363/profile
Rex Burkhead,http://www.nfl.com/player/rexburkhead/2539265/profile
Andre Ellington,http://www.nfl.com/player/andreellington/2539217/profile
Sterling Moore,http://www.nfl.com/player/sterlingmoore/2531177/profile
Pernell McPhee,http://www.nfl.com/player/pernellmcphee/2495201/profile
Chris Carter,http://www.nfl.com/player/chriscarter/2508126/profile
Marcus Smith,http://www.nfl.com/player/marcussmith/2507479/profile
Tyvon Branch,http://www.nfl.com/player/tyvonbranch/1681/profile
Marcus Cooper,http://www.nfl.com/player/marcuscooper/2541202/profile
Eric Tomlinson,http://www.nfl.com/player/erictomlinson/2553744/profile
Bryce Callahan,http://www.nfl.com/player/brycecallahan/2553500/profile
Rod Smith,http://www.nfl.com/player/rodsmith/2553743/profile
Jonathan Anderson,http://www.nfl.com/player/jonathananderson/2553488/profile
Patrick Chung,http://www.nfl.com/player/patrickchung/71251/profile
Darius Butler,http://www.nfl.com/player/dariusbutler/79897/profile
Brandon Williams,http://www.nfl.com/player/brandonwilliams/2495978/profile
Isaiah McKenzie,http://www.nfl.com/player/isaiahmckenzie/2558129/profile
John Ross,http://www.nfl.com/player/johnross/2558010/profile
Carl Lawson,http://www.nfl.com/player/carllawson/2557901/profile
Vincent Taylor,http://www.nfl.com/player/vincenttaylor/2558017/profile
Ukeme Eligwe,http://www.nfl.com/player/ukemeeligwe/2558097/profile
John Kuhn,http://www.nfl.com/player/johnkuhn/2506147/profile
Dont'a Hightower,http://www.nfl.com/player/dont'ahightower/2533057/profile
Terrell McClain,http://www.nfl.com/player/terrellmcclain/2495311/profile
Justin Ellis,http://www.nfl.com/player/justinellis/2543812/profile
Cody Latimer,http://www.nfl.com/player/codylatimer/2543590/profile
D.J. Jones,http://www.nfl.com/player/d.j.jones/2530783/profile
Chris Smith,http://www.nfl.com/player/chrissmith/2530864/profile
Reuben Foster,http://www.nfl.com/player/reubenfoster/2557837/profile
T.J. Watt,http://www.nfl.com/player/t.j.watt/2558064/profile
David Njoku,http://www.nfl.com/player/davidnjoku/2557986/profile
Tre'Davious White,http://www.nfl.com/player/tre'daviouswhite/2557867/profile
Jabrill Peppers,http://www.nfl.com/player/jabrillpeppers/2557980/profile
Gareon Conley,http://www.nfl.com/player/gareonconley/2558062/profile
Evan Engram,http://www.nfl.com/player/evanengram/2557858/profile
Charles Harris,http://www.nfl.com/player/charlesharris/2558001/profile
Corey Grant,http://www.nfl.com/player/coreygrant/2553650/profile
Scott Tolzien,http://www.nfl.com/player/scotttolzien/2495425/profile
Brian Hoyer,http://www.nfl.com/player/brianhoyer/81294/profile
Robert Ayers,http://www.nfl.com/player/robertayers/71193/profile
Brian Cushing,http://www.nfl.com/player/briancushing/80421/profile
Keith Tandy,http://www.nfl.com/player/keithtandy/2534741/profile
Randy Bullock,http://www.nfl.com/player/randybullock/2533444/profile
Marcus Smith,http://www.nfl.com/player/marcussmith/2507283/profile
Calais Campbell,http://www.nfl.com/player/calaiscampbell/744/profile
Mitch Unrein,http://www.nfl.com/player/mitchunrein/2508016/profile
Christian Jones,http://www.nfl.com/player/christianjones/2550572/profile
Chris Boswell,http://www.nfl.com/player/chrisboswell/2550545/profile
Ameer Abdullah,http://www.nfl.com/player/ameerabdullah/2552374/profile
Kwon Alexander,http://www.nfl.com/player/kwonalexander/2552592/profile
Thomas Rawls,http://www.nfl.com/player/thomasrawls/2553733/profile
Chris Smith,http://www.nfl.com/player/chrissmith/2543692/profile
Brock Coyle,http://www.nfl.com/player/brockcoyle/2550285/profile
Kerry Wynn,http://www.nfl.com/player/kerrywynn/2550312/profile
Fletcher Cox,http://www.nfl.com/player/fletchercox/2533051/profile
Akiem Hicks,http://www.nfl.com/player/akiemhicks/2533433/profile
Marwin Evans,http://www.nfl.com/player/marwinevans/2556800/profile
Cameron Heyward,http://www.nfl.com/player/cameronheyward/2508109/profile
Muhammad Wilkerson,http://www.nfl.com/player/muhammadwilkerson/2495490/profile
Jimmy Smith,http://www.nfl.com/player/jimmysmith/2508107/profile
Mark Ingram,http://www.nfl.com/player/markingram/2495466/profile
Cameron Jordan,http://www.nfl.com/player/cameronjordan/2495184/profile
Brynden Trawick,http://www.nfl.com/player/bryndentrawick/2541756/profile
Sean Smith,http://www.nfl.com/player/seansmith/2507783/profile
Jack Doyle,http://www.nfl.com/player/jackdoyle/2540232/profile
Cody Davis,http://www.nfl.com/player/codydavis/2541135/profile
Jack Crawford,http://www.nfl.com/player/jackcrawford/2532992/profile
Kyle Van Noy,http://www.nfl.com/player/kylevannoy/2543699/profile
Christian Kirksey,http://www.nfl.com/player/christiankirksey/2543720/profile
Terence Newman,http://www.nfl.com/player/terencenewman/2505552/profile
Nick Perry,http://www.nfl.com/player/nickperry/2533048/profile
Mychal Kendricks,http://www.nfl.com/player/mychalkendricks/2532890/profile
Akeem Spence,http://www.nfl.com/player/akeemspence/2540201/profile
Kiko Alonso,http://www.nfl.com/player/kikoalonso/2539935/profile
Chris Thompson,http://www.nfl.com/player/christhompson/2540011/profile
Junior Galette,http://www.nfl.com/player/juniorgalette/496782/profile
Michael Hoomanawanui,http://www.nfl.com/player/michaelhoomanawanui/497246/profile
Kam Chancellor,http://www.nfl.com/player/kamchancellor/494257/profile
Jordan Hicks,http://www.nfl.com/player/jordanhicks/2552315/profile
Chris Conley,http://www.nfl.com/player/chrisconley/2552652/profile
Neal Sterling,http://www.nfl.com/player/nealsterling/2553451/profile
Markus Golden,http://www.nfl.com/player/markusgolden/2552273/profile
Stephon Gilmore,http://www.nfl.com/player/stephongilmore/2533062/profile
Jurrell Casey,http://www.nfl.com/player/jurrellcasey/2495476/profile
Jadeveon Clowney,http://www.nfl.com/player/jadeveonclowney/2543456/profile
Ryan Shazier,http://www.nfl.com/player/ryanshazier/2543486/profile
Brent Celek,http://www.nfl.com/player/brentcelek/2507218/profile
Morris Claiborne,http://www.nfl.com/player/morrisclaiborne/2533059/profile
Josh Doctson,http://www.nfl.com/player/joshdoctson/2555343/profile
Matthias Farley,http://www.nfl.com/player/matthiasfarley/2556429/profile
Lorenzo Alexander,http://www.nfl.com/player/lorenzoalexander/2506268/profile
Chris Jones,http://www.nfl.com/player/chrisjones/2556369/profile
A.J. Green,http://www.nfl.com/player/a.j.green/2495450/profile
J.J. Watt,http://www.nfl.com/player/j.j.watt/2495488/profile
Ryan Russell,http://www.nfl.com/player/ryanrussell/2552277/profile
Jamison Crowder,http://www.nfl.com/player/jamisoncrowder/2552415/profile
Ramik Wilson,http://www.nfl.com/player/ramikwilson/2552320/profile
Martrell Spaight,http://www.nfl.com/player/martrellspaight/2552316/profile
Tyeler Davison,http://www.nfl.com/player/tyelerdavison/2552329/profile
Danny Woodhead,http://www.nfl.com/player/dannywoodhead/4327/profile
Roy Miller,http://www.nfl.com/player/roymiller/79611/profile
Brandon Tate,http://www.nfl.com/player/brandontate/81306/profile
C.J. Fiedorowicz,http://www.nfl.com/player/c.j.fiedorowicz/2543721/profile
Jeremy Hill,http://www.nfl.com/player/jeremyhill/2543603/profile
Kevin Pierre-Louis,http://www.nfl.com/player/kevinpierre-louis/2543563/profile
Telvin Smith,http://www.nfl.com/player/telvinsmith/2543711/profile
Rob Kelley,http://www.nfl.com/player/robkelley/2556414/profile
DeForest Buckner,http://www.nfl.com/player/deforestbuckner/2555275/profile
Eli Apple,http://www.nfl.com/player/eliapple/2555277/profile
Jonathan Casillas,http://www.nfl.com/player/jonathancasillas/71249/profile
Marlon Mack,http://www.nfl.com/player/marlonmack/2558123/profile
David Johnson,http://www.nfl.com/player/davidjohnson/79589/profile
Jayon Brown,http://www.nfl.com/player/jayonbrown/2558005/profile
Marquel Lee,http://www.nfl.com/player/marquellee/2557972/profile
David Amerson,http://www.nfl.com/player/davidamerson/2540170/profile
Jamie Collins,http://www.nfl.com/player/jamiecollins/2539311/profile
Dion Sims,http://www.nfl.com/player/dionsims/2540200/profile
Korey Toomer,http://www.nfl.com/player/koreytoomer/2534567/profile
Mike Daniels,http://www.nfl.com/player/mikedaniels/2532826/profile
Josh Norman,http://www.nfl.com/player/joshnorman/2532920/profile
Anthony Levine,http://www.nfl.com/player/anthonylevine/2508004/profile
Michael Pierce,http://www.nfl.com/player/michaelpierce/2556650/profile
Patrick Onwuasor,http://www.nfl.com/player/patrickonwuasor/2556642/profile
Cassius Marsh,http://www.nfl.com/player/cassiusmarsh/2543868/profile
Brent Urban,http://www.nfl.com/player/brenturban/2543765/profile
Nevin Lawson,http://www.nfl.com/player/nevinlawson/2543872/profile
Preston Brown,http://www.nfl.com/player/prestonbrown/2543814/profile
Timmy Jernigan,http://www.nfl.com/player/timmyjernigan/2543461/profile
Jaylen Watkins,http://www.nfl.com/player/jaylenwatkins/2543707/profile
Melvin Gordon,http://www.nfl.com/player/melvingordon/2552469/profile
Bud Dupree,http://www.nfl.com/player/buddupree/2552289/profile
Danny Shelton,http://www.nfl.com/player/dannyshelton/2552325/profile
Justin Davis,http://www.nfl.com/player/justindavis/2559163/profile
Dylan Cole,http://www.nfl.com/player/dylancole/2559152/profile
A.J. Bouye,http://www.nfl.com/player/a.j.bouye/2541162/profile
Nick Folk,http://www.nfl.com/player/nickfolk/2507225/profile
Lamar Miller,http://www.nfl.com/player/lamarmiller/2533034/profile
Vernon Butler,http://www.nfl.com/player/vernonbutler/2555243/profile
Corey Coleman,http://www.nfl.com/player/coreycoleman/2555333/profile
Jonathan Stewart,http://www.nfl.com/player/jonathanstewart/2540007/profile
Danny Amendola,http://www.nfl.com/player/dannyamendola/2649/profile
Joey Bosa,http://www.nfl.com/player/joeybosa/2555249/profile
Robert Quinn,http://www.nfl.com/player/robertquinn/2495485/profile
Kyler Fackrell,http://www.nfl.com/player/kylerfackrell/2555340/profile
Ryan Kerrigan,http://www.nfl.com/player/ryankerrigan/2495190/profile
Carson Wentz,http://www.nfl.com/player/carsonwentz/2555259/profile
Laquon Treadwell,http://www.nfl.com/player/laquontreadwell/2555214/profile
Terrance Mitchell,http://www.nfl.com/player/terrancemitchell/2543637/profile
Sammy Watkins,http://www.nfl.com/player/sammywatkins/2543457/profile
Bruce Ellington,http://www.nfl.com/player/bruceellington/2543646/profile
Ezekiel Ansah,http://www.nfl.com/player/ezekielansah/2539931/profile
Ray-Ray Armstrong,http://www.nfl.com/player/ray-rayarmstrong/2541792/profile
Graham Gano,http://www.nfl.com/player/grahamgano/71309/profile
Davon House,http://www.nfl.com/player/davonhouse/2495170/profile
Taiwan Jones,http://www.nfl.com/player/taiwanjones/2495467/profile
Brice McCain,http://www.nfl.com/player/bricemccain/238466/profile
Kawann Short,http://www.nfl.com/player/kawannshort/2539296/profile
Margus Hunt,http://www.nfl.com/player/margushunt/2539310/profile
John Simon,http://www.nfl.com/player/johnsimon/2539280/profile
Levine Toilolo,http://www.nfl.com/player/levinetoilolo/2540203/profile
Briean Boddy-Calhoun,http://www.nfl.com/player/brieanboddy-calhoun/2556475/profile
Martellus Bennett,http://www.nfl.com/player/martellusbennett/1062/profile
Marcus Williams,http://www.nfl.com/player/marcuswilliams/2550605/profile
Sammie Coates,http://www.nfl.com/player/sammiecoates/2552470/profile
Marcus Peters,http://www.nfl.com/player/marcuspeters/2552488/profile
Arik Armstead,http://www.nfl.com/player/arikarmstead/2552493/profile
Tyrell Williams,http://www.nfl.com/player/tyrellwilliams/2553913/profile
Josh Shaw,http://www.nfl.com/player/joshshaw/2552259/profile
Ryan Fitzpatrick,http://www.nfl.com/player/ryanfitzpatrick/2506581/profile
Josh Bynes,http://www.nfl.com/player/joshbynes/2530491/profile
Chandler Jones,http://www.nfl.com/player/chandlerjones/2533538/profile
Rhett Ellison,http://www.nfl.com/player/rhettellison/2532835/profile
Derek Wolfe,http://www.nfl.com/player/derekwolfe/2533026/profile
Rishard Matthews,http://www.nfl.com/player/rishardmatthews/2532903/profile
Dominique Alexander,http://www.nfl.com/player/dominiquealexander/2556843/profile
Case Keenum,http://www.nfl.com/player/casekeenum/2532888/profile
Phillip Supernaw,http://www.nfl.com/player/phillipsupernaw/2535535/profile
Ryan Davis,http://www.nfl.com/player/ryandavis/2534761/profile
Tenny Palepoi,http://www.nfl.com/player/tennypalepoi/2550460/profile
Cody Parkey,http://www.nfl.com/player/codyparkey/2550380/profile
Mohamed Sanu,http://www.nfl.com/player/mohamedsanu/2533040/profile
Michael Brockers,http://www.nfl.com/player/michaelbrockers/2533050/profile
Golden Tate,http://www.nfl.com/player/goldentate/497326/profile
NaVorro Bowman,http://www.nfl.com/player/navorrobowman/2508088/profile
Dwayne Washington,http://www.nfl.com/player/dwaynewashington/2556118/profile
Sam Acho,http://www.nfl.com/player/samacho/2495101/profile
Tim Williams,http://www.nfl.com/player/timwilliams/2557841/profile
Fabian Moreau,http://www.nfl.com/player/fabianmoreau/2558136/profile
A.J. Klein,http://www.nfl.com/player/a.j.klein/2539982/profile
Antonio Brown,http://www.nfl.com/player/antoniobrown/2508061/profile
Jason McCourty,http://www.nfl.com/player/jasonmccourty/89756/profile
Kamu Grugier-Hill,http://www.nfl.com/player/kamugrugier-hill/2556363/profile
Eric Weems,http://www.nfl.com/player/ericweems/2507029/profile
Corey Clement,http://www.nfl.com/player/coreyclement/2559150/profile
Erik Walden,http://www.nfl.com/player/erikwalden/2507488/profile
Mike Adams,http://www.nfl.com/player/mikeadams/2532783/profile
Aaron Ripkowski,http://www.nfl.com/player/aaronripkowski/2552477/profile
Christian Covington,http://www.nfl.com/player/christiancovington/2552602/profile
Charles Johnson,http://www.nfl.com/player/charlesjohnson/2507187/profile
Brandon Mebane,http://www.nfl.com/player/brandonmebane/2495677/profile
Jacoby Brissett,http://www.nfl.com/player/jacobybrissett/2555261/profile
Kenyan Drake,http://www.nfl.com/player/kenyandrake/2555230/profile
Pharoh Cooper,http://www.nfl.com/player/pharohcooper/2555419/profile
Tyler Higbee,http://www.nfl.com/player/tylerhigbee/2555364/profile
Dwayne Allen,http://www.nfl.com/player/dwayneallen/2533046/profile
Johnathan Cyprien,http://www.nfl.com/player/johnathancyprien/2539223/profile
Da'Norris Searcy,http://www.nfl.com/player/da'norrissearcy/2495339/profile
Bashaud Breeland,http://www.nfl.com/player/bashaudbreeland/2543571/profile
John Brown,http://www.nfl.com/player/johnbrown/2543847/profile
DaQuan Jones,http://www.nfl.com/player/daquanjones/2543504/profile
Nick Vannett,http://www.nfl.com/player/nickvannett/2555289/profile
Austin Hooper,http://www.nfl.com/player/austinhooper/2555415/profile
C.J. Prosise,http://www.nfl.com/player/c.j.prosise/2555417/profile
Miles Killebrew,http://www.nfl.com/player/mileskillebrew/2555315/profile
Allen Bailey,http://www.nfl.com/player/allenbailey/2495116/profile
Shareece Wright,http://www.nfl.com/player/shareecewright/2495251/profile
Mason Foster,http://www.nfl.com/player/masonfoster/2495281/profile
Nazair Jones,http://www.nfl.com/player/nazairjones/2557964/profile
Chad Williams,http://www.nfl.com/player/chadwilliams/2558208/profile
Kenny Golladay,http://www.nfl.com/player/kennygolladay/2558052/profile
Curtis Samuel,http://www.nfl.com/player/curtissamuel/2558066/profile
Karl Joseph,http://www.nfl.com/player/karljoseph/2555342/profile
A'Shawn Robinson,http://www.nfl.com/player/a'shawnrobinson/2555265/profile
Tommylee Lewis,http://www.nfl.com/player/tommyleelewis/2556752/profile
Taiwan Jones,http://www.nfl.com/player/taiwanjones/2553664/profile
Damiere Byrd,http://www.nfl.com/player/damierebyrd/2553499/profile
Chris Baker,http://www.nfl.com/player/chrisbaker/2505083/profile
William Hayes,http://www.nfl.com/player/williamhayes/4483/profile
Younghoe Koo,http://www.nfl.com/player/younghoekoo/2559205/profile
T.J. Carrie,http://www.nfl.com/player/t.j.carrie/2550164/profile
Tre Boston,http://www.nfl.com/player/treboston/2543830/profile
Avery Williamson,http://www.nfl.com/player/averywilliamson/2543597/profile
Captain Munnerlyn,http://www.nfl.com/player/captainmunnerlyn/80668/profile
Chris Hogan,http://www.nfl.com/player/chrishogan/2530515/profile
Ryan Griffin,http://www.nfl.com/player/ryangriffin/2541316/profile
Chris Jones,http://www.nfl.com/player/chrisjones/2541408/profile
Kamar Aiken,http://www.nfl.com/player/kamaraiken/2530660/profile
Mark Barron,http://www.nfl.com/player/markbarron/2532789/profile
Kevin Byard,http://www.nfl.com/player/kevinbyard/2555158/profile
Maliek Collins,http://www.nfl.com/player/maliekcollins/2555400/profile
De'Vante Harris,http://www.nfl.com/player/de'vanteharris/2556833/profile
Patrick Peterson,http://www.nfl.com/player/patrickpeterson/2495504/profile
DeAndre Washington,http://www.nfl.com/player/deandrewashington/2555464/profile
Marcell Dareus,http://www.nfl.com/player/marcelldareus/2495478/profile
Von Miller,http://www.nfl.com/player/vonmiller/2495202/profile
LeGarrette Blount,http://www.nfl.com/player/legarretteblount/497149/profile
Nat Berhe,http://www.nfl.com/player/natberhe/2543643/profile
Aaron Donald,http://www.nfl.com/player/aarondonald/2543485/profile
Lamarcus Joyner,http://www.nfl.com/player/lamarcusjoyner/2543492/profile
Eric Ebron,http://www.nfl.com/player/ericebron/2543466/profile
Richard Rodgers,http://www.nfl.com/player/richardrodgers/2550313/profile
Jarvis Landry,http://www.nfl.com/player/jarvislandry/2543488/profile
Darqueze Dennard,http://www.nfl.com/player/darquezedennard/2543474/profile
Davante Adams,http://www.nfl.com/player/davanteadams/2543495/profile
William Gholston,http://www.nfl.com/player/williamgholston/2540176/profile
Benson Mayowa,http://www.nfl.com/player/bensonmayowa/2542009/profile
Duron Harmon,http://www.nfl.com/player/duronharmon/2541243/profile
Kevin Minter,http://www.nfl.com/player/kevinminter/2540159/profile
Adam Thielen,http://www.nfl.com/player/adamthielen/2541785/profile
DeMarco Murray,http://www.nfl.com/player/demarcomurray/2495207/profile
Justin Houston,http://www.nfl.com/player/justinhouston/2495493/profile
Randall Cobb,http://www.nfl.com/player/randallcobb/2495448/profile
Tyrunn Walker,http://www.nfl.com/player/tyrunnwalker/2535892/profile
Malcolm Brown,http://www.nfl.com/player/malcolmbrown/2552382/profile
Hunter Henry,http://www.nfl.com/player/hunterhenry/2555341/profile
Jonathan Bullard,http://www.nfl.com/player/jonathanbullard/2555335/profile
Shaq Lawson,http://www.nfl.com/player/shaqlawson/2555252/profile
Chris Baker,http://www.nfl.com/player/chrisbaker/2507557/profile
Robbie Gould,http://www.nfl.com/player/robbiegould/2506264/profile
Shamar Stephen,http://www.nfl.com/player/shamarstephen/2543706/profile
Devon Kennard,http://www.nfl.com/player/devonkennard/2543869/profile
Dante Fowler,http://www.nfl.com/player/dantefowler/2553431/profile
Corey Moore,http://www.nfl.com/player/coreymoore/2553817/profile
Jaquiski Tartt,http://www.nfl.com/player/jaquiskitartt/2552391/profile
Hau'oli Kikaha,http://www.nfl.com/player/hau'olikikaha/2552292/profile
Devin Funchess,http://www.nfl.com/player/devinfunchess/2552458/profile
Breshad Perriman,http://www.nfl.com/player/breshadperriman/2552597/profile
P.J. Williams,http://www.nfl.com/player/p.j.williams/2552484/profile
Tevin Coleman,http://www.nfl.com/player/tevincoleman/2552453/profile
Adoree' Jackson,http://www.nfl.com/player/adoree'jackson/2558065/profile
Jamal Adams,http://www.nfl.com/player/jamaladams/2557979/profile
Solomon Thomas,http://www.nfl.com/player/solomonthomas/2558018/profile
Corey Davis,http://www.nfl.com/player/coreydavis/2557848/profile
Derek Barnett,http://www.nfl.com/player/derekbarnett/2557984/profile
Marshon Lattimore,http://www.nfl.com/player/marshonlattimore/2558061/profile
Haason Reddick,http://www.nfl.com/player/haasonreddick/2557887/profile
Malik Jackson,http://www.nfl.com/player/malikjackson/2532873/profile
Lavonte David,http://www.nfl.com/player/lavontedavid/2532828/profile
Dre Kirkpatrick,http://www.nfl.com/player/drekirkpatrick/2533060/profile
Zach Brown,http://www.nfl.com/player/zachbrown/2532804/profile
Allen Hurns,http://www.nfl.com/player/allenhurns/2550353/profile
Justin Durant,http://www.nfl.com/player/justindurant/2495597/profile
David Harris,http://www.nfl.com/player/davidharris/2495621/profile
Mike Glennon,http://www.nfl.com/player/mikeglennon/2539275/profile
Kayvon Webster,http://www.nfl.com/player/kayvonwebster/2540291/profile
Alec Ogletree,http://www.nfl.com/player/alecogletree/2540143/profile
Coby Fleener,http://www.nfl.com/player/cobyfleener/2532838/profile
Trumaine Johnson,http://www.nfl.com/player/trumainejohnson/2532877/profile
Aqib Talib,http://www.nfl.com/player/aqibtalib/1302/profile
Chris Johnson,http://www.nfl.com/player/chrisjohnson/262/profile
Jeremiah George,http://www.nfl.com/player/jeremiahgeorge/2543594/profile
Ross Cockrell,http://www.nfl.com/player/rosscockrell/2543799/profile
Phillip Gaines,http://www.nfl.com/player/phillipgaines/2543851/profile
Damontae Kazee,http://www.nfl.com/player/damontaekazee/2558184/profile
Fozzy Whittaker,http://www.nfl.com/player/fozzywhittaker/2540037/profile
Brian Poole,http://www.nfl.com/player/brianpoole/2556445/profile
Darren Fells,http://www.nfl.com/player/darrenfells/2540928/profile
Aaron Lynch,http://www.nfl.com/player/aaronlynch/2543650/profile
Leonard Floyd,http://www.nfl.com/player/leonardfloyd/2555285/profile
Emmanuel Ogbah,http://www.nfl.com/player/emmanuelogbah/2555278/profile
Derrick Kindred,http://www.nfl.com/player/derrickkindred/2555540/profile
Dak Prescott,http://www.nfl.com/player/dakprescott/2555260/profile
Charles Tapper,http://www.nfl.com/player/charlestapper/2555245/profile
Orlando Scandrick,http://www.nfl.com/player/orlandoscandrick/2307/profile
Brandon Carr,http://www.nfl.com/player/brandoncarr/4365/profile
Malik Hooker,http://www.nfl.com/player/malikhooker/2558060/profile
Charles Clay,http://www.nfl.com/player/charlesclay/2550614/profile
Taylor Gabriel,http://www.nfl.com/player/taylorgabriel/2550617/profile
Ifeanyi Momah,http://www.nfl.com/player/ifeanyimomah/2541096/profile
George Iloka,http://www.nfl.com/player/georgeiloka/2532869/profile
Michael Thomas,http://www.nfl.com/player/michaelthomas/2535687/profile
Giorgio Tavecchio,http://www.nfl.com/player/giorgiotavecchio/2535686/profile
Garrett Celek,http://www.nfl.com/player/garrettcelek/2534820/profile
Jonnu Smith,http://www.nfl.com/player/jonnusmith/2558207/profile
Leonard Fournette,http://www.nfl.com/player/leonardfournette/2557973/profile
JuJu Smith-Schuster,http://www.nfl.com/player/jujusmith-schuster/2558149/profile
Alex Okafor,http://www.nfl.com/player/alexokafor/2539319/profile
Bennie Logan,http://www.nfl.com/player/bennielogan/2540163/profile
Travis Kelce,http://www.nfl.com/player/traviskelce/2540258/profile
Tavon Austin,http://www.nfl.com/player/tavonaustin/2539336/profile
Robert Alford,http://www.nfl.com/player/robertalford/2539653/profile
Chris Long,http://www.nfl.com/player/chrislong/276/profile
Matt Ryan,http://www.nfl.com/player/mattryan/310/profile
Olivier Vernon,http://www.nfl.com/player/oliviervernon/2533534/profile
Dekoda Watson,http://www.nfl.com/player/dekodawatson/496961/profile
Geronimo Allison,http://www.nfl.com/player/geronimoallison/2556460/profile
Kentrell Brice,http://www.nfl.com/player/kentrellbrice/2556480/profile
Keelan Cole,http://www.nfl.com/player/keelancole/2559153/profile
Deshaun Watson,http://www.nfl.com/player/deshaunwatson/2558063/profile
Jarrad Davis,http://www.nfl.com/player/jarraddavis/2557855/profile
Nick Boyle,http://www.nfl.com/player/nickboyle/2552402/profile
David Mayo,http://www.nfl.com/player/davidmayo/2553441/profile
Jay Ajayi,http://www.nfl.com/player/jayajayi/2552582/profile
Luke Kuechly,http://www.nfl.com/player/lukekuechly/2533056/profile
Melvin Ingram,http://www.nfl.com/player/melviningram/2532870/profile
Jalen Ramsey,http://www.nfl.com/player/jalenramsey/2555280/profile
Cory James,http://www.nfl.com/player/coryjames/2555303/profile
Xavien Howard,http://www.nfl.com/player/xavienhoward/2555539/profile
David Onyemata,http://www.nfl.com/player/davidonyemata/2556274/profile
T.J. Green,http://www.nfl.com/player/t.j.green/2555537/profile
Kyle Williams,http://www.nfl.com/player/kylewilliams/2508027/profile
Chris McCain,http://www.nfl.com/player/chrismccain/2550628/profile
Cairo Santos,http://www.nfl.com/player/cairosantos/2550636/profile
Delanie Walker,http://www.nfl.com/player/delaniewalker/2495966/profile
Demetrius Harris,http://www.nfl.com/player/demetriusharris/2541187/profile
Larry Fitzgerald,http://www.nfl.com/player/larryfitzgerald/2506106/profile
Karlos Dansby,http://www.nfl.com/player/karlosdansby/2506112/profile
Ben Roethlisberger,http://www.nfl.com/player/benroethlisberger/2506109/profile
Tashaun Gipson,http://www.nfl.com/player/tashaungipson/2532848/profile
Doug Baldwin,http://www.nfl.com/player/dougbaldwin/2530747/profile
Trey Edmunds,http://www.nfl.com/player/treyedmunds/2559325/profile
DeAndre Hopkins,http://www.nfl.com/player/deandrehopkins/2540165/profile
D.J. Swearinger,http://www.nfl.com/player/d.j.swearinger/2539943/profile
Desmond Trufant,http://www.nfl.com/player/desmondtrufant/2539334/profile
Deonte Thompson,http://www.nfl.com/player/deontethompson/2534436/profile
Eli Rogers,http://www.nfl.com/player/elirogers/2553737/profile
Kurt Coleman,http://www.nfl.com/player/kurtcoleman/494261/profile
Mack Hollins,http://www.nfl.com/player/mackhollins/2558262/profile
Jalen Reeves-Maybin,http://www.nfl.com/player/jalenreeves-maybin/2557924/profile
Tarik Cohen,http://www.nfl.com/player/tarikcohen/2558250/profile
Rasul Douglas,http://www.nfl.com/player/rasuldouglas/2558168/profile
James Conner,http://www.nfl.com/player/jamesconner/2557978/profile
Michael Roberts,http://www.nfl.com/player/michaelroberts/2558049/profile
Dustin Hopkins,http://www.nfl.com/player/dustinhopkins/2539227/profile
Micah Hyde,http://www.nfl.com/player/micahhyde/2539240/profile
Stephon Tuitt,http://www.nfl.com/player/stephontuitt/2543483/profile
Demarcus Lawrence,http://www.nfl.com/player/demarcuslawrence/2543490/profile
Phillip Dorsett,http://www.nfl.com/player/phillipdorsett/2552424/profile
Ty Montgomery,http://www.nfl.com/player/tymontgomery/2552429/profile
Jalen Mills,http://www.nfl.com/player/jalenmills/2555383/profile
Clayton Fejedelem,http://www.nfl.com/player/claytonfejedelem/2555355/profile
Justin Hardy,http://www.nfl.com/player/justinhardy/2552418/profile
Javorius Allen,http://www.nfl.com/player/javoriusallen/2552631/profile
Za'Darius Smith,http://www.nfl.com/player/za'dariussmith/2552279/profile
Jake Ryan,http://www.nfl.com/player/jakeryan/2552314/profile
Chris Ivory,http://www.nfl.com/player/chrisivory/2507999/profile
Casey Hayward,http://www.nfl.com/player/caseyhayward/2532861/profile
Russell Wilson,http://www.nfl.com/player/russellwilson/2532975/profile
Travis Benjamin,http://www.nfl.com/player/travisbenjamin/2532790/profile
Eric Murray,http://www.nfl.com/player/ericmurray/2555173/profile
Adolphus Washington,http://www.nfl.com/player/adolphuswashington/2555235/profile
Eddie Jackson,http://www.nfl.com/player/eddiejackson/2558176/profile
Ryan Glasgow,http://www.nfl.com/player/ryanglasgow/2557851/profile
Jake Elliott,http://www.nfl.com/player/jakeelliott/2558172/profile
Frank Zombo,http://www.nfl.com/player/frankzombo/2507948/profile
Shane Vereen,http://www.nfl.com/player/shanevereen/2495473/profile
Torrey Smith,http://www.nfl.com/player/torreysmith/2495459/profile
Stephen Paea,http://www.nfl.com/player/stephenpaea/2495210/profile
Kevin Hogan,http://www.nfl.com/player/kevinhogan/2555263/profile
LeShaun Sims,http://www.nfl.com/player/leshaunsims/2555551/profile
Wendell Smallwood,http://www.nfl.com/player/wendellsmallwood/2555461/profile
Matthew Ioannidis,http://www.nfl.com/player/matthewioannidis/2555240/profile
Jordan Howard,http://www.nfl.com/player/jordanhoward/2555418/profile
Rafael Bush,http://www.nfl.com/player/rafaelbush/2507817/profile
Carlos Dunlap,http://www.nfl.com/player/carlosdunlap/496780/profile
Sean Lee,http://www.nfl.com/player/seanlee/496937/profile
Terrell Suggs,http://www.nfl.com/player/terrellsuggs/2505660/profile
Dontrelle Inman,http://www.nfl.com/player/dontrelleinman/2530700/profile
J.J. Wilcox,http://www.nfl.com/player/j.j.wilcox/2540219/profile
Terrance Williams,http://www.nfl.com/player/terrancewilliams/2539205/profile
Tyler Eifert,http://www.nfl.com/player/tylereifert/2540148/profile
Eric Reid,http://www.nfl.com/player/ericreid/2540152/profile
Eric Berry,http://www.nfl.com/player/ericberry/496723/profile
Ndamukong Suh,http://www.nfl.com/player/ndamukongsuh/496861/profile
Sam Bradford,http://www.nfl.com/player/sambradford/497095/profile
Gerald McCoy,http://www.nfl.com/player/geraldmccoy/496816/profile
Michael Johnson,http://www.nfl.com/player/michaeljohnson/2517720/profile
Jayron Kearse,http://www.nfl.com/player/jayronkearse/2555156/profile
Jaron Brown,http://www.nfl.com/player/jaronbrown/2541966/profile
Eric Saubert,http://www.nfl.com/player/ericsaubert/2558023/profile
Jamal Agnew,http://www.nfl.com/player/jamalagnew/2558821/profile
Matt Milano,http://www.nfl.com/player/mattmilano/2557969/profile
Ronald Darby,http://www.nfl.com/player/ronalddarby/2552689/profile
Marqise Lee,http://www.nfl.com/player/marqiselee/2543475/profile
Jeff Heuerman,http://www.nfl.com/player/jeffheuerman/2552399/profile
Jordan Richards,http://www.nfl.com/player/jordanrichards/2552392/profile
Maxx Williams,http://www.nfl.com/player/maxxwilliams/2552468/profile
Benardrick McKinney,http://www.nfl.com/player/benardrickmckinney/2552490/profile
Eddie Goldman,http://www.nfl.com/player/eddiegoldman/2552489/profile
Jordan Phillips,http://www.nfl.com/player/jordanphillips/2552492/profile
Nate Orchard,http://www.nfl.com/player/nateorchard/2552299/profile
Eric Rowe,http://www.nfl.com/player/ericrowe/2552255/profile
Eric Kendricks,http://www.nfl.com/player/erickendricks/2552312/profile
Dion Lewis,http://www.nfl.com/player/dionlewis/2495469/profile
Jacquizz Rodgers,http://www.nfl.com/player/jacquizzrodgers/2495471/profile
Karl Klug,http://www.nfl.com/player/karlklug/2495300/profile
Sheldon Day,http://www.nfl.com/player/sheldonday/2555241/profile
Brandon McManus,http://www.nfl.com/player/brandonmcmanus/2541556/profile
Kentrell Brothers,http://www.nfl.com/player/kentrellbrothers/2555168/profile
Trevor Davis,http://www.nfl.com/player/trevordavis/2555413/profile
Alex Collins,http://www.nfl.com/player/alexcollins/2555430/profile
D.J. Reader,http://www.nfl.com/player/d.j.reader/2555388/profile
Austin Johnson,http://www.nfl.com/player/austinjohnson/2556368/profile
Michael Thomas,http://www.nfl.com/player/michaelthomas/2556370/profile
Derrick Henry,http://www.nfl.com/player/derrickhenry/2556075/profile
Brandon Williams,http://www.nfl.com/player/brandonwilliams/2556371/profile
Devin McCourty,http://www.nfl.com/player/devinmccourty/494287/profile
Chris Harris,http://www.nfl.com/player/chrisharris/2506516/profile
Charles Johnson,http://www.nfl.com/player/charlesjohnson/2541147/profile
Jordan Poyer,http://www.nfl.com/player/jordanpoyer/2539290/profile
Kerwynn Williams,http://www.nfl.com/player/kerwynnwilliams/2539980/profile
Elvis Dumervil,http://www.nfl.com/player/elvisdumervil/2495832/profile
Kyle Williams,http://www.nfl.com/player/kylewilliams/2506931/profile
Demaryius Thomas,http://www.nfl.com/player/demaryiusthomas/497328/profile
Jermaine Gresham,http://www.nfl.com/player/jermainegresham/497238/profile
Kareem Jackson,http://www.nfl.com/player/kareemjackson/496735/profile
Darian Stewart,http://www.nfl.com/player/darianstewart/494307/profile
Kyle Fuller,http://www.nfl.com/player/kylefuller/2558866/profile
Chris Carson,http://www.nfl.com/player/chriscarson/2558865/profile
Matt Dayes,http://www.nfl.com/player/mattdayes/2557987/profile
T.J. Jones,http://www.nfl.com/player/t.j.jones/2543836/profile
Ricardo Allen,http://www.nfl.com/player/ricardoallen/2543850/profile
Sean Mannion,http://www.nfl.com/player/seanmannion/2552576/profile
Vic Beasley,http://www.nfl.com/player/vicbeasley/2552301/profile
Todd Gurley,http://www.nfl.com/player/toddgurley/2552475/profile
Bryce Hager,http://www.nfl.com/player/brycehager/2552307/profile
Randall Telfer,http://www.nfl.com/player/randalltelfer/2552660/profile
Daniel Sorensen,http://www.nfl.com/player/danielsorensen/2550257/profile
Charcandrick West,http://www.nfl.com/player/charcandrickwest/2550268/profile
Albert Wilson,http://www.nfl.com/player/albertwilson/2550272/profile
Chris Matthews,http://www.nfl.com/player/chrismatthews/2531049/profile
Blake Martinez,http://www.nfl.com/player/blakemartinez/2555161/profile
Tyler Ervin,http://www.nfl.com/player/tylerervin/2555234/profile
Antonio Morrison,http://www.nfl.com/player/antoniomorrison/2555160/profile
De'Vondre Campbell,http://www.nfl.com/player/de'vondrecampbell/2555255/profile
Hassan Ridgeway,http://www.nfl.com/player/hassanridgeway/2555514/profile
Juston Burris,http://www.nfl.com/player/justonburris/2555313/profile
Peyton Barber,http://www.nfl.com/player/peytonbarber/2556466/profile
Alan Cross,http://www.nfl.com/player/alancross/2556508/profile
Ricardo Louis,http://www.nfl.com/player/ricardolouis/2555473/profile
Rashard Higgins,http://www.nfl.com/player/rashardhiggins/2555468/profile
Vernon Davis,http://www.nfl.com/player/vernondavis/2495826/profile
Haloti Ngata,http://www.nfl.com/player/halotingata/2506879/profile
Jay Cutler,http://www.nfl.com/player/jaycutler/2495824/profile
Chris Johnson,http://www.nfl.com/player/chrisjohnson/2505465/profile
Philip Rivers,http://www.nfl.com/player/philiprivers/2506121/profile
Benjamin Watson,http://www.nfl.com/player/benjaminwatson/2506122/profile
Mario Edwards,http://www.nfl.com/player/marioedwards/2553433/profile
Myles Jack,http://www.nfl.com/player/mylesjack/2555329/profile
Neiko Thorpe,http://www.nfl.com/player/neikothorpe/2534846/profile
Alfred Morris,http://www.nfl.com/player/alfredmorris/2533457/profile
Ramon Humber,http://www.nfl.com/player/ramonhumber/2507644/profile
Le'Veon Bell,http://www.nfl.com/player/le'veonbell/2540175/profile
Kyle Love,http://www.nfl.com/player/kylelove/2507837/profile
Marcus Mariota,http://www.nfl.com/player/marcusmariota/2552466/profile
Henry Anderson,http://www.nfl.com/player/henryanderson/2552272/profile
Malcom Brown,http://www.nfl.com/player/malcombrown/2552483/profile
Landon Collins,http://www.nfl.com/player/landoncollins/2552454/profile
Quan Bray,http://www.nfl.com/player/quanbray/2553467/profile
Julius Peppers,http://www.nfl.com/player/juliuspeppers/2505010/profile
Paul Worrilow,http://www.nfl.com/player/paulworrilow/2541535/profile
Brandon Williams,http://www.nfl.com/player/brandonwilliams/2539645/profile
Benny Cunningham,http://www.nfl.com/player/bennycunningham/2541544/profile
Cam Newton,http://www.nfl.com/player/camnewton/2495455/profile
Ron Parker,http://www.nfl.com/player/ronparker/2530794/profile
Stephen Anderson,http://www.nfl.com/player/stephenanderson/2556463/profile
Joel Heath,http://www.nfl.com/player/joelheath/2556551/profile
Ka'imi Fairbairn,http://www.nfl.com/player/ka'imifairbairn/2556521/profile
Earl Mitchell,http://www.nfl.com/player/earlmitchell/496822/profile
Emmanuel Sanders,http://www.nfl.com/player/emmanuelsanders/497322/profile
Corey Peters,http://www.nfl.com/player/coreypeters/496841/profile
Brandon LaFell,http://www.nfl.com/player/brandonlafell/497302/profile
Devonta Freeman,http://www.nfl.com/player/devontafreeman/2543583/profile
Derek Carr,http://www.nfl.com/player/derekcarr/2543499/profile
Marcedes Lewis,http://www.nfl.com/player/marcedeslewis/2495888/profile
Frostee Rucker,http://www.nfl.com/player/frosteerucker/2506908/profile
Ahmad Brooks,http://www.nfl.com/player/ahmadbrooks/2507010/profile
Sherrick McManis,http://www.nfl.com/player/sherrickmcmanis/494289/profile
Nolan Carroll,http://www.nfl.com/player/nolancarroll/494254/profile
Jason Myers,http://www.nfl.com/player/jasonmyers/2553112/profile
Thomas Davis,http://www.nfl.com/player/thomasdavis/2506352/profile
Derrick Johnson,http://www.nfl.com/player/derrickjohnson/2506353/profile
Adam Jones,http://www.nfl.com/player/adamjones/2506345/profile
Terrelle Pryor,http://www.nfl.com/player/terrellepryor/2531332/profile
Lawrence Guy,http://www.nfl.com/player/lawrenceguy/2495481/profile
Harvey Langi,http://www.nfl.com/player/harveylangi/2558963/profile
Chris Carter,http://www.nfl.com/player/chriscarter/2511180/profile
C.J. Ham,http://www.nfl.com/player/c.j.ham/2556803/profile
Elandon Roberts,http://www.nfl.com/player/elandonroberts/2556119/profile
Trevor Williams,http://www.nfl.com/player/trevorwilliams/2556828/profile
Andrew Sendejo,http://www.nfl.com/player/andrewsendejo/2525323/profile
Carl Davis,http://www.nfl.com/player/carldavis/2552280/profile
Leonard Williams,http://www.nfl.com/player/leonardwilliams/2552486/profile
Preston Smith,http://www.nfl.com/player/prestonsmith/2552276/profile
Quinten Rollins,http://www.nfl.com/player/quintenrollins/2552263/profile
Clay Matthews,http://www.nfl.com/player/claymatthews/80431/profile
Kenny Britt,http://www.nfl.com/player/kennybritt/71217/profile
Ryan Grant,http://www.nfl.com/player/ryangrant/2506140/profile
Austin Johnson,http://www.nfl.com/player/austinjohnson/2534437/profile
Matt Prater,http://www.nfl.com/player/mattprater/2506677/profile
Budda Baker,http://www.nfl.com/player/buddabaker/2558009/profile
Zay Jones,http://www.nfl.com/player/zayjones/2557863/profile
Marcus Maye,http://www.nfl.com/player/marcusmaye/2557995/profile
Dalvin Cook,http://www.nfl.com/player/dalvincook/2557991/profile
Marcus Williams,http://www.nfl.com/player/marcuswilliams/2558847/profile
Gerald Everett,http://www.nfl.com/player/geraldeverett/2557889/profile
Adam Shaheen,http://www.nfl.com/player/adamshaheen/2558144/profile
Joe Mixon,http://www.nfl.com/player/joemixon/2557976/profile
Justin Evans,http://www.nfl.com/player/justinevans/2557945/profile
DeShone Kizer,http://www.nfl.com/player/deshonekizer/2557983/profile
Patrick DiMarco,http://www.nfl.com/player/patrickdimarco/2530763/profile
Brian Orakpo,http://www.nfl.com/player/brianorakpo/71423/profile
Michael Crabtree,http://www.nfl.com/player/michaelcrabtree/71269/profile
Matt Forte,http://www.nfl.com/player/mattforte/234/profile
DeSean Jackson,http://www.nfl.com/player/deseanjackson/1581/profile
Reshad Jones,http://www.nfl.com/player/reshadjones/496739/profile
J.J. Nelson,http://www.nfl.com/player/j.j.nelson/2552656/profile
Kyle Emanuel,http://www.nfl.com/player/kyleemanuel/2552296/profile
Darius Philon,http://www.nfl.com/player/dariusphilon/2552676/profile
Nick O'Leary,http://www.nfl.com/player/nicko'leary/2552403/profile
Kaelin Clay,http://www.nfl.com/player/kaelinclay/2552651/profile
Christian McCaffrey,http://www.nfl.com/player/christianmccaffrey/2557997/profile
Tony Jefferson,http://www.nfl.com/player/tonyjefferson/2540164/profile
Greg Olsen,http://www.nfl.com/player/gregolsen/2495700/profile
Dwayne Harris,http://www.nfl.com/player/dwayneharris/2495159/profile
Aldrick Robinson,http://www.nfl.com/player/aldrickrobinson/2495331/profile
Byron Maxwell,http://www.nfl.com/player/byronmaxwell/2495310/profile
Charles Clay,http://www.nfl.com/player/charlesclay/2495139/profile
Tyrod Taylor,http://www.nfl.com/player/tyrodtaylor/2495240/profile
Whitney Mercilus,http://www.nfl.com/player/whitneymercilus/2533049/profile
Brian Quick,http://www.nfl.com/player/brianquick/2532933/profile
Tyrone Crawford,http://www.nfl.com/player/tyronecrawford/2532821/profile
Kyle Wilber,http://www.nfl.com/player/kylewilber/2532974/profile
Vonn Bell,http://www.nfl.com/player/vonnbell/2555530/profile
Jabaal Sheard,http://www.nfl.com/player/jabaalsheard/2495228/profile
Andy Dalton,http://www.nfl.com/player/andydalton/2495143/profile
Kurtis Drummond,http://www.nfl.com/player/kurtisdrummond/2553519/profile
Bilal Powell,http://www.nfl.com/player/bilalpowell/2495328/profile
Julius Thomas,http://www.nfl.com/player/juliusthomas/2495353/profile
Treyvon Hester,http://www.nfl.com/player/treyvonhester/2558111/profile
LeSean McCoy,http://www.nfl.com/player/leseanmccoy/79607/profile
Connor Barwin,http://www.nfl.com/player/connorbarwin/71197/profile
Mike Mitchell,http://www.nfl.com/player/mikemitchell/238227/profile
Jeff Heath,http://www.nfl.com/player/jeffheath/2541832/profile
Kelvin Benjamin,http://www.nfl.com/player/kelvinbenjamin/2543471/profile
Corey Nelson,http://www.nfl.com/player/coreynelson/2550167/profile
Dexter McCoil,http://www.nfl.com/player/dextermccoil/2555569/profile
Akeem Hunt,http://www.nfl.com/player/akeemhunt/2553660/profile
Clinton McDonald,http://www.nfl.com/player/clintonmcdonald/89758/profile
Michael Bennett,http://www.nfl.com/player/michaelbennett/2507617/profile
Ryan Succop,http://www.nfl.com/player/ryansuccop/89802/profile
Everson Griffen,http://www.nfl.com/player/eversongriffen/496790/profile
Shaquil Barrett,http://www.nfl.com/player/shaquilbarrett/2550541/profile
Jesse James,http://www.nfl.com/player/jessejames/2552633/profile
Jalston Fowler,http://www.nfl.com/player/jalstonfowler/2552464/profile
Ben Koyack,http://www.nfl.com/player/benkoyack/2552396/profile
Craig Robertson,http://www.nfl.com/player/craigrobertson/2532431/profile
Joe Thomas,http://www.nfl.com/player/joethomas/2550262/profile
Leonard Johnson,http://www.nfl.com/player/leonardjohnson/2532878/profile
Robby Anderson,http://www.nfl.com/player/robbyanderson/2556462/profile
William Gay,http://www.nfl.com/player/williamgay/2507220/profile
Corey Graham,http://www.nfl.com/player/coreygraham/2495613/profile
Raheem Mostert,http://www.nfl.com/player/raheemmostert/2553728/profile
Josh Mauro,http://www.nfl.com/player/joshmauro/2550437/profile
Noah Spence,http://www.nfl.com/player/noahspence/2555312/profile
Corey Liuget,http://www.nfl.com/player/coreyliuget/2495483/profile
Adrian Clayborn,http://www.nfl.com/player/adrianclayborn/2495140/profile
Will Parks,http://www.nfl.com/player/willparks/2556278/profile
Charone Peake,http://www.nfl.com/player/charonepeake/2555477/profile
Michael Johnson,http://www.nfl.com/player/michaeljohnson/2507784/profile
Jacob Hollister,http://www.nfl.com/player/jacobhollister/2558956/profile
O.J. Howard,http://www.nfl.com/player/o.j.howard/2557856/profile
Martavis Bryant,http://www.nfl.com/player/martavisbryant/2543572/profile
Bradley Roby,http://www.nfl.com/player/bradleyroby/2543505/profile
Marcus Smith,http://www.nfl.com/player/marcussmith/2543725/profile
Jerick McKinnon,http://www.nfl.com/player/jerickmckinnon/2543715/profile
Terrance West,http://www.nfl.com/player/terrancewest/2543664/profile
Jamaal Williams,http://www.nfl.com/player/jamaalwilliams/2558204/profile
Josh Reynolds,http://www.nfl.com/player/joshreynolds/2558194/profile
Deatrich Wise,http://www.nfl.com/player/deatrichwise/2558000/profile
Ben Gedeon,http://www.nfl.com/player/bengedeon/2558033/profile
Samson Ebukam,http://www.nfl.com/player/samsonebukam/2558830/profile
Vinny Curry,http://www.nfl.com/player/vinnycurry/2532825/profile
Tavon Wilson,http://www.nfl.com/player/tavonwilson/2534830/profile
Matthew Stafford,http://www.nfl.com/player/matthewstafford/79860/profile
Logan Ryan,http://www.nfl.com/player/loganryan/2540162/profile
Alex Erickson,http://www.nfl.com/player/alexerickson/2556519/profile
Marcus Sherels,http://www.nfl.com/player/marcussherels/2508007/profile
Cliff Avril,http://www.nfl.com/player/cliffavril/1330/profile
Al Woods,http://www.nfl.com/player/alwoods/496881/profile
Geno Atkins,http://www.nfl.com/player/genoatkins/496762/profile
Seth Roberts,http://www.nfl.com/player/sethroberts/2550597/profile
Trevor Siemian,http://www.nfl.com/player/trevorsiemian/2553457/profile
Michael Bennett,http://www.nfl.com/player/michaelbennett/2552733/profile
Eli Manning,http://www.nfl.com/player/elimanning/2505996/profile
Ryan Hewitt,http://www.nfl.com/player/ryanhewitt/2550206/profile
K.J. Wright,http://www.nfl.com/player/k.j.wright/2495252/profile
Tanner McEvoy,http://www.nfl.com/player/tannermcevoy/2556612/profile
Johnson Bademosi,http://www.nfl.com/player/johnsonbademosi/2535693/profile
Harrison Smith,http://www.nfl.com/player/harrisonsmith/2532948/profile
Kirk Cousins,http://www.nfl.com/player/kirkcousins/2532820/profile
Andre Branch,http://www.nfl.com/player/andrebranch/2532801/profile
Jordan Jenkins,http://www.nfl.com/player/jordanjenkins/2555256/profile
Justin Simmons,http://www.nfl.com/player/justinsimmons/2555550/profile
T.Y. Hilton,http://www.nfl.com/player/t.y.hilton/2532865/profile
Rakeem Nunez-Roches,http://www.nfl.com/player/rakeemnunez-roches/2552674/profile
Anthony Chickillo,http://www.nfl.com/player/anthonychickillo/2552266/profile
James O'Shaughnessy,http://www.nfl.com/player/jameso'shaughnessy/2553318/profile
D.J. Alexander,http://www.nfl.com/player/d.j.alexander/2553442/profile
Mike Adams,http://www.nfl.com/player/mikeadams/2505708/profile
Damon Harrison,http://www.nfl.com/player/damonharrison/2535718/profile
Frank Gore,http://www.nfl.com/player/frankgore/2506404/profile
Darron Lee,http://www.nfl.com/player/darronlee/2555322/profile
Alex Smith,http://www.nfl.com/player/alexsmith/2506410/profile
Lardarius Webb,http://www.nfl.com/player/lardariuswebb/81879/profile
Jared Cook,http://www.nfl.com/player/jaredcook/71265/profile
Matt Hazel,http://www.nfl.com/player/matthazel/2543792/profile
Tyler Matakevich,http://www.nfl.com/player/tylermatakevich/2555171/profile
Cornelius Washington,http://www.nfl.com/player/corneliuswashington/2539232/profile
Nickell Robey-Coleman,http://www.nfl.com/player/nickellrobey-coleman/2540197/profile
Anthony Sherman,http://www.nfl.com/player/anthonysherman/2495340/profile
Buster Skrine,http://www.nfl.com/player/busterskrine/2495343/profile
Dylan Donahue,http://www.nfl.com/player/dylandonahue/2558255/profile
Tanzel Smart,http://www.nfl.com/player/tanzelsmart/2558199/profile
Mike Gillislee,http://www.nfl.com/player/mikegillislee/2539663/profile
Robert Woods,http://www.nfl.com/player/robertwoods/2540169/profile
Vince Williams,http://www.nfl.com/player/vincewilliams/2540221/profile
Marvin Jones,http://www.nfl.com/player/marvinjones/2532884/profile
Jeremy Lane,http://www.nfl.com/player/jeremylane/2534834/profile
Wil Lutz,http://www.nfl.com/player/willutz/2556601/profile
Michael Bennett,http://www.nfl.com/player/michaelbennett/2504762/profile
Pat Sims,http://www.nfl.com/player/patsims/786/profile
Jamaal Charles,http://www.nfl.com/player/jamaalcharles/925/profile
Hayes Pullard,http://www.nfl.com/player/hayespullard/2552313/profile
Vernon Hargreaves,http://www.nfl.com/player/vernonhargreaves/2555299/profile
Sheldon Rankins,http://www.nfl.com/player/sheldonrankins/2555242/profile
Zach Brown,http://www.nfl.com/player/zachbrown/2538174/profile
Marquise Goodwin,http://www.nfl.com/player/marquisegoodwin/2539964/profile
Josh McCown,http://www.nfl.com/player/joshmccown/2505076/profile
Kenny Vaccaro,http://www.nfl.com/player/kennyvaccaro/2539320/profile
Justin Tucker,http://www.nfl.com/player/justintucker/2536340/profile
Tom Brady,http://www.nfl.com/player/tombrady/2504211/profile
Jaylon Smith,http://www.nfl.com/player/jaylonsmith/2555310/profile
Mike Wallace,http://www.nfl.com/player/mikewallace/2507763/profile
Sean Davis,http://www.nfl.com/player/seandavis/2555386/profile
Brandon Marshall,http://www.nfl.com/player/brandonmarshall/2532898/profile
Greg Zuerlein,http://www.nfl.com/player/gregzuerlein/2534797/profile
Julio Jones,http://www.nfl.com/player/juliojones/2495454/profile
Patrick Robinson,http://www.nfl.com/player/patrickrobinson/2508084/profile
Jerry Hughes,http://www.nfl.com/player/jerryhughes/496796/profile
Linval Joseph,http://www.nfl.com/player/linvaljoseph/496802/profile
Wesley Woodyard,http://www.nfl.com/player/wesleywoodyard/2354/profile
Andre Hal,http://www.nfl.com/player/andrehal/2543874/profile
Beau Allen,http://www.nfl.com/player/beauallen/2543884/profile
Glover Quin,http://www.nfl.com/player/gloverquin/71441/profile
Brandon Williams,http://www.nfl.com/player/brandonwilliams/2507788/profile
Donte Moncrief,http://www.nfl.com/player/dontemoncrief/2543614/profile
Kony Ealy,http://www.nfl.com/player/konyealy/2543484/profile
Jason Verrett,http://www.nfl.com/player/jasonverrett/2543493/profile
Ha Ha Clinton-Dix,http://www.nfl.com/player/hahaclinton-dix/2543470/profile
Jon Bostic,http://www.nfl.com/player/jonbostic/2539978/profile
Zach Ertz,http://www.nfl.com/player/zachertz/2540158/profile
Darius Slay,http://www.nfl.com/player/dariusslay/2540288/profile
Johnathan Hankins,http://www.nfl.com/player/johnathanhankins/2540147/profile
Alvin Kamara,http://www.nfl.com/player/alvinkamara/2558019/profile
Dawuane Smoot,http://www.nfl.com/player/dawuanesmoot/2557839/profile
Larry Ogunjobi,http://www.nfl.com/player/larryogunjobi/2557836/profile
Josh Jones,http://www.nfl.com/player/joshjones/2558119/profile
Cooper Kupp,http://www.nfl.com/player/cooperkupp/2557898/profile
Tyrann Mathieu,http://www.nfl.com/player/tyrannmathieu/2540180/profile
Star Lotulelei,http://www.nfl.com/player/starlotulelei/2539329/profile
Tank Carradine,http://www.nfl.com/player/tankcarradine/2539224/profile
Giovani Bernard,http://www.nfl.com/player/giovanibernard/2540156/profile
Drew Brees,http://www.nfl.com/player/drewbrees/2504775/profile
Josh Hill,http://www.nfl.com/player/joshhill/2541834/profile
Andre Holmes,http://www.nfl.com/player/andreholmes/2495453/profile
Justin March-Lillard,http://www.nfl.com/player/justinmarch-lillard/2553815/profile
Orleans Darkwa,http://www.nfl.com/player/orleansdarkwa/2550481/profile
Javon Hargrave,http://www.nfl.com/player/javonhargrave/2555239/profile
Jared Goff,http://www.nfl.com/player/jaredgoff/2555334/profile
William Jackson,http://www.nfl.com/player/williamjackson/2556367/profile
Artie Burns,http://www.nfl.com/player/artieburns/2555344/profile
Darren Sproles,http://www.nfl.com/player/darrensproles/2506467/profile
Tom Johnson,http://www.nfl.com/player/tomjohnson/2506779/profile
Jourdan Lewis,http://www.nfl.com/player/jourdanlewis/2557920/profile
Chris Conte,http://www.nfl.com/player/chrisconte/2495272/profile
D.J. Jones,http://www.nfl.com/player/d.j.jones/2558265/profile
Chuck Clark,http://www.nfl.com/player/chuckclark/2558248/profile
Kareem Hunt,http://www.nfl.com/player/kareemhunt/2557917/profile
Trent Taylor,http://www.nfl.com/player/trenttaylor/2558202/profile
Jordan Reed,http://www.nfl.com/player/jordanreed/2540160/profile
Shawn Williams,http://www.nfl.com/player/shawnwilliams/2539233/profile
Vance McDonald,http://www.nfl.com/player/vancemcdonald/2540215/profile
Kyle Juszczyk,http://www.nfl.com/player/kylejuszczyk/2540230/profile
Kyle Williams,http://www.nfl.com/player/kylewilliams/2507309/profile
Quintin Demps,http://www.nfl.com/player/quintindemps/1974/profile
Zach Miller,http://www.nfl.com/player/zachmiller/238457/profile
Keenan Allen,http://www.nfl.com/player/keenanallen/2540154/profile
Manti Te'o,http://www.nfl.com/player/mantite'o/2539277/profile
Cameron Brate,http://www.nfl.com/player/cameronbrate/2550656/profile
Branden Oliver,http://www.nfl.com/player/brandenoliver/2550658/profile
Blake Bell,http://www.nfl.com/player/blakebell/2552478/profile
Eli Harold,http://www.nfl.com/player/eliharold/2552494/profile
Xavier Cooper,http://www.nfl.com/player/xaviercooper/2552611/profile
A.J. Derby,http://www.nfl.com/player/a.j.derby/2552580/profile
Quandre Diggs,http://www.nfl.com/player/quandrediggs/2552262/profile
L.T. Walton,http://www.nfl.com/player/l.t.walton/2552444/profile
Brandon Coleman,http://www.nfl.com/player/brandoncoleman/2550328/profile
Kenny Clark,http://www.nfl.com/player/kennyclark/2555282/profile
B.J. Goodson,http://www.nfl.com/player/b.j.goodson/2555522/profile
Yannick Ngakoue,http://www.nfl.com/player/yannickngakoue/2555421/profile
Joe Schobert,http://www.nfl.com/player/joeschobert/2555166/profile
Carl Nassib,http://www.nfl.com/player/carlnassib/2555270/profile
Kyle Fuller,http://www.nfl.com/player/kylefuller/2543681/profile
Khalil Mack,http://www.nfl.com/player/khalilmack/2543463/profile
Carlos Hyde,http://www.nfl.com/player/carloshyde/2543743/profile
Troy Niklas,http://www.nfl.com/player/troyniklas/2543628/profile
Romeo Okwara,http://www.nfl.com/player/romeookwara/2556641/profile
Roger Lewis,http://www.nfl.com/player/rogerlewis/2556592/profile
Mackensie Alexander,http://www.nfl.com/player/mackensiealexander/2555177/profile
Deion Jones,http://www.nfl.com/player/deionjones/2555162/profile
Keanu Neal,http://www.nfl.com/player/keanuneal/2555543/profile
Jarran Reed,http://www.nfl.com/player/jarranreed/2555238/profile
Kamalei Correa,http://www.nfl.com/player/kamaleicorrea/2555339/profile
Sterling Shepard,http://www.nfl.com/player/sterlingshepard/2555295/profile
Caleb Sturgis,http://www.nfl.com/player/calebsturgis/2539637/profile
Dez Bryant,http://www.nfl.com/player/dezbryant/497278/profile
Derek Watt,http://www.nfl.com/player/derekwatt/2555220/profile
Jatavis Brown,http://www.nfl.com/player/jatavisbrown/2556148/profile
Nick Vigil,http://www.nfl.com/player/nickvigil/2555528/profile
Daryl Worley,http://www.nfl.com/player/darylworley/2555394/profile
James Bradberry,http://www.nfl.com/player/jamesbradberry/2555175/profile
Matt Bryant,http://www.nfl.com/player/mattbryant/2504797/profile
Matt Longacre,http://www.nfl.com/player/mattlongacre/2553722/profile
Calvin Munson,http://www.nfl.com/player/calvinmunson/2559217/profile
Wes Horton,http://www.nfl.com/player/weshorton/2539306/profile
Kendall Wright,http://www.nfl.com/player/kendallwright/2532977/profile
Bobby Wagner,http://www.nfl.com/player/bobbywagner/2532966/profile
Johnny Holton,http://www.nfl.com/player/johnnyholton/2556805/profile
Aaron Colvin,http://www.nfl.com/player/aaroncolvin/2543501/profile
Denico Autry,http://www.nfl.com/player/denicoautry/2550646/profile
Kasim Edebali,http://www.nfl.com/player/kasimedebali/2550647/profile
Anthony Barr,http://www.nfl.com/player/anthonybarr/2543459/profile
Paul Richardson,http://www.nfl.com/player/paulrichardson/2543491/profile
Chris Harris,http://www.nfl.com/player/chrisharris/2530510/profile
Michael Johnson,http://www.nfl.com/player/michaeljohnson/2507247/profile
Carson Palmer,http://www.nfl.com/player/carsonpalmer/2505245/profile
Blair Walsh,http://www.nfl.com/player/blairwalsh/2532968/profile
Danny Trevathan,http://www.nfl.com/player/dannytrevathan/2532961/profile
Jarius Wright,http://www.nfl.com/player/jariuswright/2532978/profile
Eric Weddle,http://www.nfl.com/player/ericweddle/2495775/profile
Zach Miller,http://www.nfl.com/player/zachmiller/2507170/profile
Alan Branch,http://www.nfl.com/player/alanbranch/2495561/profile
Paul Posluszny,http://www.nfl.com/player/paulposluszny/2495712/profile
Dontari Poe,http://www.nfl.com/player/dontaripoe/2533435/profile
Alex Anzalone,http://www.nfl.com/player/alexanzalone/2558163/profile
Janoris Jenkins,http://www.nfl.com/player/janorisjenkins/2532875/profile
ArDarius Stewart,http://www.nfl.com/player/ardariusstewart/2558150/profile
Taywan Taylor,http://www.nfl.com/player/taywantaylor/2557870/profile
Jordan Willis,http://www.nfl.com/player/jordanwillis/2557884/profile
Edmond Robinson,http://www.nfl.com/player/edmondrobinson/2552441/profile
Darryl Roberts,http://www.nfl.com/player/darrylroberts/2553353/profile
Ryan Grant,http://www.nfl.com/player/ryangrant/2543759/profile
James White,http://www.nfl.com/player/jameswhite/2543773/profile
De'Anthony Thomas,http://www.nfl.com/player/de'anthonythomas/2543638/profile
Tom Savage,http://www.nfl.com/player/tomsavage/2543640/profile
Cory Littleton,http://www.nfl.com/player/corylittleton/2556593/profile
E.J. Gaines,http://www.nfl.com/player/e.j.gaines/2543823/profile
Charles Sims,http://www.nfl.com/player/charlessims/2543770/profile
Maurice Alexander,http://www.nfl.com/player/mauricealexander/2550145/profile
Aldrick Rosas,http://www.nfl.com/player/aldrickrosas/2556771/profile
Tahir Whitehead,http://www.nfl.com/player/tahirwhitehead/2532986/profile
Kendall Fuller,http://www.nfl.com/player/kendallfuller/2555349/profile
Darian Thompson,http://www.nfl.com/player/darianthompson/2555154/profile
Seth DeValve,http://www.nfl.com/player/sethdevalve/2556365/profile
Brandin Cooks,http://www.nfl.com/player/brandincooks/2543498/profile
Odell Beckham,http://www.nfl.com/player/odellbeckham/2543496/profile
Davon Godchaux,http://www.nfl.com/player/davongodchaux/2558012/profile
Zane Gonzalez,http://www.nfl.com/player/zanegonzalez/2558178/profile
Stacy McGee,http://www.nfl.com/player/stacymcgee/2539285/profile
Brice Butler,http://www.nfl.com/player/bricebutler/2541388/profile
David Bass,http://www.nfl.com/player/davidbass/2540277/profile
Brandon Williams,http://www.nfl.com/player/brandonwilliams/2541302/profile
Latavius Murray,http://www.nfl.com/player/lataviusmurray/2541161/profile
Reggie Nelson,http://www.nfl.com/player/reggienelson/2507167/profile
Jordy Nelson,http://www.nfl.com/player/jordynelson/1032/profile
Chris Maragos,http://www.nfl.com/player/chrismaragos/2507918/profile
Willie Young,http://www.nfl.com/player/willieyoung/2508063/profile
Austin Ekeler,http://www.nfl.com/player/austinekeler/2559169/profile
Kevin King,http://www.nfl.com/player/kevinking/2557996/profile
Samaje Perine,http://www.nfl.com/player/samajeperine/2558138/profile
Montae Nicholson,http://www.nfl.com/player/montaenicholson/2558133/profile
Jonathan Allen,http://www.nfl.com/player/jonathanallen/2557844/profile
Destiny Vaeao,http://www.nfl.com/player/destinyvaeao/2556786/profile
Stefon Diggs,http://www.nfl.com/player/stefondiggs/2552608/profile
Bobby McCain,http://www.nfl.com/player/bobbymccain/2552434/profile
Cre'von LeBlanc,http://www.nfl.com/player/cre'vonleblanc/2556587/profile
Jonathan Jones,http://www.nfl.com/player/jonathanjones/2556571/profile
Ethan Westbrooks,http://www.nfl.com/player/ethanwestbrooks/2550449/profile
Adam Gotsis,http://www.nfl.com/player/adamgotsis/2555502/profile
Andrew Billings,http://www.nfl.com/player/andrewbillings/2555267/profile
Braxton Miller,http://www.nfl.com/player/braxtonmiller/2555348/profile
Jerell Adams,http://www.nfl.com/player/jerelladams/2555311/profile
Chris Johnson,http://www.nfl.com/player/chrisjohnson/2508038/profile
Malcolm Butler,http://www.nfl.com/player/malcolmbutler/2550613/profile
Derrick Johnson,http://www.nfl.com/player/derrickjohnson/2550571/profile
Adam Humphries,http://www.nfl.com/player/adamhumphries/2553895/profile
Will Tye,http://www.nfl.com/player/willtye/2553830/profile
Bradley McDougald,http://www.nfl.com/player/bradleymcdougald/2539243/profile
Chad Hansen,http://www.nfl.com/player/chadhansen/2558069/profile
Justin Bethel,http://www.nfl.com/player/justinbethel/2532792/profile
Cordarrelle Patterson,http://www.nfl.com/player/cordarrellepatterson/2540145/profile
Sylvester Williams,http://www.nfl.com/player/sylvesterwilliams/2539270/profile
Xavier Rhodes,http://www.nfl.com/player/xavierrhodes/2540155/profile
D.J. Hayden,http://www.nfl.com/player/d.j.hayden/2539237/profile
Sheldon Richardson,http://www.nfl.com/player/sheldonrichardson/2540142/profile
Marshawn Lynch,http://www.nfl.com/player/marshawnlynch/2495663/profile
Joe Thomas,http://www.nfl.com/player/joethomas/2507162/profile
Adrian Peterson,http://www.nfl.com/player/adrianpeterson/2507164/profile
Ted Ginn,http://www.nfl.com/player/tedginn/2507166/profile
Sean McGrath,http://www.nfl.com/player/seanmcgrath/2535943/profile
Jonathan Stewart,http://www.nfl.com/player/jonathanstewart/949/profile
Dominique Rodgers-Cromartie,http://www.nfl.com/player/dominiquerodgers-cromartie/306/profile
Joe Flacco,http://www.nfl.com/player/joeflacco/382/profile
Michael Campanaro,http://www.nfl.com/player/michaelcampanaro/2550163/profile
Darrius Heyward-Bey,http://www.nfl.com/player/darriusheyward-bey/80427/profile
Antoine Bethea,http://www.nfl.com/player/antoinebethea/2495807/profile
Dalvin Tomlinson,http://www.nfl.com/player/dalvintomlinson/2557846/profile
Zach Cunningham,http://www.nfl.com/player/zachcunningham/2558094/profile
Quincy Wilson,http://www.nfl.com/player/quincywilson/2557961/profile
Takkarist McKinley,http://www.nfl.com/player/takkaristmckinley/2557872/profile
Taco Charlton,http://www.nfl.com/player/tacocharlton/2557882/profile
Chidobe Awuzie,http://www.nfl.com/player/chidobeawuzie/2557840/profile
Duke Riley,http://www.nfl.com/player/dukeriley/2557967/profile
Quinton Dial,http://www.nfl.com/player/quintondial/2539960/profile
Luke Willson,http://www.nfl.com/player/lukewillson/2541199/profile
Kenny Stills,http://www.nfl.com/player/kennystills/2540202/profile
Steve McLendon,http://www.nfl.com/player/stevemclendon/2507590/profile
Jaelen Strong,http://www.nfl.com/player/jaelenstrong/2552463/profile
Trey Flowers,http://www.nfl.com/player/treyflowers/2552278/profile
Danielle Hunter,http://www.nfl.com/player/daniellehunter/2552603/profile
Matt Breida,http://www.nfl.com/player/mattbreida/2558918/profile
Victor Bolden,http://www.nfl.com/player/victorbolden/2558912/profile
Ryan Smith,http://www.nfl.com/player/ryansmith/2550401/profile
Kavon Frazier,http://www.nfl.com/player/kavonfrazier/2555536/profile
Tyreek Hill,http://www.nfl.com/player/tyreekhill/2556214/profile
Anthony Brown,http://www.nfl.com/player/anthonybrown/2555531/profile
Ezekiel Elliott,http://www.nfl.com/player/ezekielelliott/2555224/profile
Cameron Wake,http://www.nfl.com/player/cameronwake/2506314/profile
Stephen Hauschka,http://www.nfl.com/player/stephenhauschka/2507374/profile
Aaron Wallace,http://www.nfl.com/player/aaronwallace/2555320/profile
Jakeem Grant,http://www.nfl.com/player/jakeemgrant/2556190/profile
Blake Countess,http://www.nfl.com/player/blakecountess/2556374/profile
Cody Core,http://www.nfl.com/player/codycore/2555331/profile
C.J. Mosley,http://www.nfl.com/player/c.j.mosley/2506526/profile
Anthony Zettel,http://www.nfl.com/player/anthonyzettel/2555268/profile
Chandler Catanzaro,http://www.nfl.com/player/chandlercatanzaro/2550325/profile
Russell Shepard,http://www.nfl.com/player/russellshepard/2541944/profile
Cedric Thornton,http://www.nfl.com/player/cedricthornton/2495356/profile
Chris Godwin,http://www.nfl.com/player/chrisgodwin/2558105/profile
Elijah McGuire,http://www.nfl.com/player/elijahmcguire/2557934/profile
Eddie Vanderdoes,http://www.nfl.com/player/eddievanderdoes/2557982/profile
D'Onta Foreman,http://www.nfl.com/player/d'ontaforeman/2557994/profile
Shaquill Griffin,http://www.nfl.com/player/shaquillgriffin/2558259/profile
Barkevious Mingo,http://www.nfl.com/player/barkeviousmingo/2540140/profile
John Johnson,http://www.nfl.com/player/johnjohnson/2558183/profile
Adam Vinatieri,http://www.nfl.com/player/adamvinatieri/2503471/profile
Terrell Watson,http://www.nfl.com/player/terrellwatson/2553617/profile
Derek Carrier,http://www.nfl.com/player/derekcarrier/2534241/profile
Derrick Shelby,http://www.nfl.com/player/derrickshelby/2532989/profile
Connor Barth,http://www.nfl.com/player/connorbarth/2507463/profile
